Order,Bridge-ID,Bridge-ENG,Bridge-ESP,District,POE,Location,AlternateNames,Type-Status,Description,BridgeOpened,US-Owner,US-Operator,MexicanOwner,MexicanOperator,PortAccess-or-Egress Road-TX,PortAccess-or-Egress-Road-MX,Connection-to-Major-Highways-US,Connection-to-Major Highways-MX,InspectionFacility-BorderStation,RailroadConnection-to-MajorCities,ModeNotes,DidYouKnow,Comments-BridgeDirector,Comments-UNT-or-TxDOT
1,ELP-ELP-ELPA,El Paso Railroad Bridges,Puentes Internacional Ferroviario El Paso,El Paso,El Paso,"El Paso, El Paso County, Texas, U.S. вЂ“ Ciudad 
JuГЎrez, Chihuahua, MX",,Railroad Crossing,"DATA FOR THE TWO FREIGHT RAILROAD BRIDGES IN THE EL PASO REGION are reported together. BNSF reports that over two-thirds of northbound trains at this port of entry use its bridge. The BNSF Railway El Paso Bridge is owned by BNSF Railway and only handles its railcars. The Mexican side of the bridge is owned by the Government of Mexico and operated by Ferromex. The Union Pacific El Paso Bridge is owned by Union Pacific Railroad and only handles its railcars. Likewise, the Mexican portion of the bridge is owned by the Government of Mexico and operated by Ferromex.",,BNSF and Union Pacific Railroad,Owner Operated,Government of Mexico,Ferromex,N/A,N/A,,,,"BNSF IN THE U.S.: Albuquerque, New Mexico
UNION PACIFIC IN THE U.S.: Tucson, Arizona; Topeka, Kansas; Fort Worth, Texas; San Antonio, Texas
FERROMEX IN MEXICO: Ciudad Chihuahua, Chihuahua ",,,,
2,ELP-ELP-PASO,Paso del Norte Bridge,Puente Santa Fe,El Paso,El Paso,"El Paso, El Paso County, Texas, U.S. вЂ“ Ciudad 
JuГЎrez, Chihuahua, MX",Santa Fe Street Bridge | Puente Benito JuГЎrez | Puente Paso del Norte | Puente JuГЎrez-Santa Fe |Puente Internacional Paso del Norte | Puente de la Calle Santa Fe | Puente JuГЎrez-Santa Fe,Highway Crossing,PASO DEL NORTE BRIDGE WAS ORIGINALLY BUILT IN THE 1800s. The bridge was rebuilt and opened to traffic in 1967. It is 982 feet long with four northbound lanes and a bi-directional pedestrian walkway. The U.S. side is owned and operated by the City of El Paso. The Mexican side is owned by the Government of Mexico and operated by Fideicomiso de Puentes Fronterizos de Chihuahua.,Current bridge opened in 1967.,City of El Paso,Owner Operated,Government of Mexico,Fideicomiso de Puentes Fronterizos de Chihuahua,EL Paso Str.,Av. Benito JuГЎrez,"El Paso Street, which provides access to the bridge, continues north to US 85, part of the Texas Highway Freight Network",The Avenida Francisco Villa/Avenida Benito JuГЎrez provides access to Calle Ignacio de la PeГ±a/Calle 16 de Septiembre which connects with MEX 45.,"The Paso del Norte land port of entry (LPOE) is owned by the United States and is under the jurisdiction, custody, and control of the U.S. General Services Administration (GSA). The facility was com_x0002_pleted in 1967, following the ratification of the Chamizal Treaty when the channel of the Rio Grande River was moved. The facility was renovated in 1990 and expanded in 2009.",N/A,The number of lanes and hours of operation pertain to U.S. facilities. Toll rates are for 2-axle passenger vehicles.,"Paso del Norte Bridge 
had 3.5 million northbound pedestrian 
crossings in 2024вЂ”
the most at any 
Texas-Mexico border 
crossing.","Comments on Factsheet:
Change Did you know? Paso del Norte Bridge had 3.5 million northbound pedestrian crossings in 2024 - the most at any Texas-Mexico border crossing.","0109 Zaragoza-Ysleta, Lerdo-Stanton, Paso del Norte and Guadalupe-Tornillo Border Bridges вЂ“ Mexico Projects"
3,ELP-ELP-GOOD,Good Neighbor Bridge (Stanton),Puente Internacional Lerdo (Centro) - Stanton,El Paso,El Paso,"El Paso, El Paso County, Texas, U.S. - Ciudad 
JuГЎrez, Chihuahua, MX",Stanton-Lerdo Bridge | Stanton Street Bridge | Friendship Bridge | Puente Internacional del Buen Vecino | Puente Ciudad JuГЎrez-Stanton El Paso | Puente Internacional Lerdo-Stanton,Highway Crossing,"GOOD NEIGHBOR BRIDGE WAS REBUILT (as part of the Chamizal Treaty) and opened to traffic in 1967. A Presidential permit was not issued since it was not required for bridges built before 1972. The bridge is 880 feet long with 
three southbound lanes dedicated to passenger vehicles and other non-commercial traffic, one northbound SENTRI lane, also known as a dedicated commuter lane (DCL) and one southbound pedestrian lane. The U.S. side is owned and operated by the City of El Paso while the Mexican side is owned and operated by the Government of Mexico and operated by Fideicomiso de Puentes Fronterizos de Chihuahua.",Bridge existed at location since 1896.  Current bridge was rebuilt and opened in 1967.,City of El Paso,Owner Operated,Government of Mexico,Fideicomiso de Puentes Fronterizos de Chihuahua,Stanton Str./US 85,Av. Lerdo,Stanton Street is also designated as US 62 and provides access to US 85 which is part of the Texas Highway Freight Network.,"The bridge access road, Avenida Lerdo, provides access to Calle Ignacio de la PeГ±a/Calle 16 de Septiembre which interconnects with MEX 45","The land port of entry (LPOE) is owned by the United States and under the jurisdiction, custody, and control of U.S. General Services Administration (GSA). It was completed in 1967 and expanded in 2014. GSA leases the northbound facilities from the City of El Paso.",N/A,The number of lanes and hours of operation pertain to U.S. facilities. Toll rates are for 2-axle passenger vehicles.,"Good Neighbor Bridge was the first bridge in El Paso with a dedicated commuter lane, opened to pre-enrolled northbound traffic in September 1999.","Comments on Factsheet:
- In the region, вЂњGood Neighbor BridgeвЂќ is considered an alternate name, but the location is commonly known as вЂњStanton Bridge.вЂќ You can remove вЂњGood Neighbor BridgeвЂќ as the primary name and keep вЂњStanton BridgeвЂќ instead. вЂњGood Neighbor BridgeвЂќ can remain listed as an alternate name.
- use the same font size for the subtitles for all  bridges
- Update the bridge name in the maps to Stanton Bridge; we can keep Good Neighbor Bridge in parentheses.
- Originally built in 1882, ""it was the first pedestrian and vehicular bridge to span the Rio Grande"". - El Paso Museum of History
- Change Mexican side to Mexico side
- Change Did you know to ""Stanton Bridge was the first bridge in El Paso with a dedicated commuter lane, opened to pre-enrolled northbound traffic in September 1999.""","0109 Zaragoza-Ysleta, Lerdo-Stanton, Paso del Norte and Guadalupe-Tornillo Border Bridges вЂ“ Mexico Projects"
4,ELP-ELP-BRID,Bridge of the Americas,Puente CГіrdova,El Paso,El Paso," El Paso, El Paso County, Texas, U.S. вЂ“ Ciudad 
JuГЎrez, Chihuahua, MX",BOTA | Bridge of the AmericasвЂ“ CГіrdova | Puente Internacional CГіrdova-De Las AmГ©ricas | Puente RГ­o Bravo | Cordova Bridge | Puente de las AmГ©ricas | Puente Libre | Free Bridge,Highway Crossing,"ORIGINALLY BUILT IN 1967 as part of the Chamizal Treaty, Bridge of the Americas was replaced in 1998. The bridge is 506 feet long. Each direction of travel has four lanes of passenger vehicle traffic, two lanes of commercial truck traffic, and a pedestrian walkway. The U.S. side is owned and operated by the U.S. section of the International Boundary and Water Commission. The Mexican side is owned by the Mexican Government and operated by the Mexican section of the IBWC.",Completed in 1967 and replaced in 1998.,International Boundary and Water Commission (U.S. Section),Owner Operated,Government of Mexico,International Boundary and Water Commission (Mexico Section),I-110,MEX 45,"The bridge lanes are also designated as I-110, which provides access to I-10, part of the National Highway Freight Network.",The bridge lanes are also designated as MEX 45.,"The Bridge of the Americas land port of entry (LPOE) is owned by the United States and under the jurisdiction, custody, and control of U.S. General Services Administration (GSA). The facility was completed in 1967 following ratification of the Chamizal Treaty. It was renovated in 2003 and is slated for a major modernization to be completed in 2031.",N/A,The number of lanes and hours of operation pertain to U.S. facilities. Toll rates are for 2-axle passenger vehicles and 5-axle commercial trucks.,"In 2024, Bridge of the Americas had the most northbound bus crossings in the El Paso region.",,0128 Cordova International Bridge вЂ“ De las AmГ©ricas вЂ“ Mexico Projects
5,ELP-YSL-YSLE,Ysleta Bridge,Puente Internacional Zaragoza-Ysleta,El Paso,Ysleta,"El Paso, El Paso County, Texas, U.S. вЂ“ Ciudad 
JuГЎrez, Chihuahua",Zaragoza Bridge | Ysleta-Zaragoza Bridge | Puente Zaragoza | Puente Ysleta-Zaragoza,Highway Crossing,"ORIGINALLY BUILT IN 1938, Ysleta Bridge was rebuilt in 1955 and then replaced with a pair of bridges in 1990. The current bridges are 804 feet long and opened to traffic in 1990. The first features four lanes accommodating commercial truck traffic (two southbound lanes, one standard northbound lane and one northbound FAST lane). The second is a five-lane bridge providing for passenger vehicles (two standard lanes in each direction, one northbound SENTRI lane, and one pedestrian walkway in each direction). The U.S. side is owned and operated by the City of El Paso. The Mexican side is owned by 
the Government of Mexico and operated by Fideicomiso de Puentes Fronterizos de Chihuahua.",Current bridge opened in 1990.,City of El Paso,Owner Operated,Government of Mexico,Fideicomiso de Puentes Fronterizos de Chihuahua,S. Zaragoza Rd.,Av. Waterfill,"The bridge access road 
is near Loop 375/Cesar Chavez Border Highway/Americas Avenue which connects to I-10, part of the National 
Highway Freight Network.",The bridge is accessed by Avenida Waterfill and Prol. Manuel J. Clouhtier which are near Bulevar Inde_x0002_pendencia that connects with MEX 2 and continues to MEX 45.,"The Ysleta land port of entry (LPOE) is owned by the United States and is under the jurisdiction, custody, and control of U.S. General Services Administration (GSA). It was built on 67 acres of land in 1991 and modernized in 2009.",N/A,The number of lanes and hours of operation pertain to U.S. facilities. Toll rates are for 2-axle passenger vehicles and 5-axle commercial trucks.,"In 2024, Ysleta Bridge had the most northbound commercial truck crossings in the El Paso region.","Comments on Factsheet:
- Change Ysleta Bridge to Ysleta-Zaragoza Bridge
- Change Puente International Zaragoza-Ysleta to Puente Internacional Zaragoza
- Change ""special"" clearance program to ""pre-approved"" clearance program
- Change Did you know? In 2024, Ysleta Bridge 
had the most northbound commercial truck crossings in 
the El Paso region.","0109 Zaragoza-Ysleta, Lerdo-Stanton, Paso del Norte and Guadalupe-Tornillo Border Bridges вЂ“ Mexico Projects"
6,ELP-TOR-MARC,Marcelino Serna Bridge,Puente Internacional Guadalupe-Tornillo,El Paso,Tornillo,"Fabens and Tornillo, El Paso County, Texas, U.S .вЂ“ Caseta, Chihuahua, MX",Tornillo-Guadalupe Bridge | Puente Internacional Tornillo-Guadalupe | Puente Internacional Reemplazo Guadalupe-Tornillo,Highway Crossing,"MARCELINO SERNA BRIDGE WAS BUILT IN 2014 and opened to traffic in 2014. A Presidential permit was issued in 2005. The bridge is 1,274 feet long and has three travel lanes in each direction: one for commercial truck traffic and two for passenger vehicles. There is a pedestrian walkway in each direction. The U.S. side is owned and operated by El Paso County. The Mexican side is owned by the Government of Mexico and operated by Fideicomiso de Puentes Fronterizos de Chihuahua.",Opened in 2014.,El Paso County,Owner Operated,Government of Mexico,Fideicomiso de Puentes Fronterizos de Chihuahua,FM 3380,Local Road,"M.F. Aguilera Road/FM 
3380 connects to Alameda Avenue/
TX 20 and I-10 which is on the National 
Highway Freight Network.",The international bridge access road connects to MEX 2.,The Marcelino Serna land port of entry (LPOE) was constructed in 2014 to replace the Fabens-Caseta crossing. The facility includes non-intrusive inspection technologies. U.S. Customs & Border Protection (CBP) began processing northbound traffic at the Tornillo port of entry in November 2014.,N/A,The number of lanes and hours of operation pertain to U.S. facilities. Toll rates are for 2-axle passenger vehicles and 5-axle commercial trucks.,Marcelino Serna Bridge is the longest international bridge in the ElВ Paso region.,"No comments on factsheet.
|	Year bridge was opened for traffic - 2018
|	Year bridge was built - 2014","0109 Zaragoza-Ysleta, Lerdo-Stanton, Paso del Norte and Guadalupe-Tornillo Border Bridges вЂ“ Mexico Projects"
7,ELP-TOR-FORT,Fort Hancock-El Porvenir Bridge,Puente El Porvenir-Fort Hancock,El Paso,Tornillo,"Fort Hancock, Hudspeth County, Texas, U.S. вЂ“ 
El Porvenir, Chihuahua, MX",Puente El Porvenir | Puente Porvenir-Fort Hancock,Highway Crossing,FORT HANCOCK-EL PORVENIR BRIDGE WAS BUILT IN 1937.  Presidential permits were not required for bridges built before 1972. The bridge is 510 feet long and has one lane in each direction. The U.S. side is owned and operated by the U.S. section of the International Boundary and Water Commission (IBWC). The Mexican side is owned and operated by the Mexican section of the IBWC.,Originally built in 1937.,International Boundary and Water Commission (U.S. Section),Owner Operated,International Boundary and Water Commission (Mexican Section),Owner Operated,FM 1088,Local Road,FM 1088 connects with SH 20 which provides access to I-10 which is on the National Freight Highway Network.,"The bridge access road 
connects to MEX 2.","The Fort Hancock land port of entry (LPOE) is owned by the United States and is under the jurisdiction, custody, and control of the  U.S . General Services Administration (GSA). It was completed in April 2003, replacing the original facility.",N/A,The number of lanes and hours of operation pertain to U.S. facilities. Toll rates are for 2-axle passenger vehicles.,Fort Hancock-El Porvenir Bridge is a wooden bridge.,,
8,ELP-PSD-PRES,Presidio-Ojinaga International Bridge,Puente Internacional Ojinaga-Presidio,El Paso,Presidio,"Presidio, Presidio County, Texas, U.S. вЂ“ Ojinaga, Chihuahua, MX",Presidio Bridge | Puente Internacional Ojinaga-Presidio | Presidio-Ojinaga Bridge | Puente Ojinaga,Highway Crossing,FIRST SPAN OF PRESIDIO-OJINAGA INTERNATIONAL BRIDGE OPENED TO TRAFFIC IN 1985. The Presidential permit was awarded in 1976 and amended in 1982. A second span was completed and opened to traffic in 2023. Both bridges are 791 feet long with two lanes and a pedestrian walkway. The U.S. side of the bridge is owned by the State of Texas and operated by the Texas Department of Transportation. The U.S. land port of entry (LPOE) is privately owned. The Mexican side is owned by the Government of Mexico and operated by Caminos y Puentes Federales de Ingresos y Servicios Conexos (CAPUFE).,First span of current bridge opened in 1985. Second span opened in 2023.,State of Texas,Texas Department of Transportation (TxDOT),Government of Mexico,Caminos y Puentes Federales de Ingresos y Servicios Conexos (CAPUFE),US 67,Libre Comercio,The bridge access road interconnects with US 67 which is part of the Texas Highway Freight Network.,The bridge access road provides a connection to MEX 16 and CHIH 67.,"The Presidio land port of entry (LPOE) is leased by the United States and is under the control of U.S. General Services Administration (GSA) . It was completed in 2002. The LPOE is owned by RCS, Inc.",N/A,The number of lanes and hours of operation pertain to U.S. facilities. Toll rates are for 2-axle passenger vehicles and 5-axle commercial trucks.,Presidio-Ojinaga International Bridge is the only non-rail international bridge owned by the State of Texas.,"No comments on factsheet.
First span at the Presidio-Ojinaga International Bridge was opened to traffic in 1985
Second span was opened for traffic at the Presidio-Ojinaga International Bridge in 2023
Presidio-Ojinaga International Bridge (first span) modernized/renovated/expanded or rebuilt/replaced - 2023 Converted to one way traffic (NB) with construction completed of the second bridge
Presidio-Ojinaga International Bridge (second span) modernized/renovated/expanded or rebuilt/replaced вЂ“ Construction Completed 2023",0522 Ojinaga International Bridge вЂ“ Mexico Projects
9,ELP-PSD-SOUT,South Orient Railroad Bridge,,El Paso,Presidio,,,Railroad Crossing,,,,,,,,,,,,,,,,
10,ELP-BOQ-BOQU,Boquillas Crossing,Cruce de Boquillas,El Paso,Boquillas,"Big Bend National Park, Brewster County, Texas, U.S. вЂ“ Boquillas del Carmen, Coahuila, MX",,Highway Crossing,"ORIGINALLY AN INFORMAL AND UNCONTROLLED BORDER CROSSING, the Boquillas Crossing was closed in 2002 and reopened in 2013, when U.S. Customs & Border Protection (CBP) installed a virtual kiosk and document scanner to process northbound pedestrians. The border can be crossed on foot by fording the river (if the water depth permits) but most people crossing the border use a rowboat service to cross the Rio Grande. This service is provided by a commercial operator through an agreement with the National Park Service. The U.S. side of the crossing is within Big Bend National Park which is administered by the U.S. National Park Service. The Mexican side of the crossing is managed by the municipio of Boquillas del Carmen.",Current crossing opened in 2013.,U.S. Government,U.S. National Park Service,Municipio Boquillas del Carmen,Owner Operated,Boquillas Crossing Road,Boquillas del Carmen,"The crossing point is accessed by Boquillas Canyon Road within Big Bend National Park. This road provides access to Park Route 12, one of the main roads within the park.",Boquillas Crossing is accessed by a local road to the town of Boquillas del Carmen. It is a short walk to the village or burros are available to ride. The Boquillas del Carmen community is connected to the interior of Mexico by MX 53., ,N/A,"Rio Grande River can be crossed on foot (if water depth permits), but most people use rowboat service.",Boquillas Crossing is the only pedestrian-only crossing on the Texas-Mexico border.,All of the information on the attachment seems to be correct.  The border was closed after 9/11 and then reopened in the current building in 2013.  The actual building was built between 2012 and 2013.  The processing equipment has been upgraded over the last few years but the description is still accurate.  The prices for the boat ride are still valid. ,
11,LRD-DLR-LAKA,Lake Amistad Dam Crossing,Puente Internacional Presa La Amistad,Laredo,Del Rio,"Del Rio, Val Verde County, Texas, U.S. вЂ“ Ciudad 
AcuГ±a, Coahuila, MX",Lake Amistad Dam International Crossing | Amistad Dam | La Presa Amistad | Cruce Internacional de la Amistad,Highway Crossing,"LAKE AMISTAD DAM CROSSING WAS BUILT IN 1969. The U.S. side of the crossing is owned and operated by the U.S. section of the International 
Boundary and Water Commission. The Mexico side is owned and operated by the Mexican section of the International Boundary and Water Commission.",Built in 1969.,International Boundary and Water Commission (U.S. Section),Owner Operated,International Boundary and Water Commission (Mexican Section),Owner Operated,SS 349,MEX 2,Spur 349 is the bridge access road and connects to US 90 and US 277/377.,The bridge access road interconnects with MEX 2.,"The land port of entry (LPOE) is owned by U.S. Customs & Border Protection (CBP), and was completed in 1969.",N/A,The number of lanes and hours of operation pertain to U.S. facilities. Toll rates are for 2-axle passenger vehicles.,Lake Amistad Dam Crossing is the only crossing in the Laredo region that is for passenger vehicles only.,,
12,LRD-DLR-DELR,Del Rio International Bridge,Puente AcuГ±a-Del Rio,Laredo,Del Rio,"Del Rio, Val Verde County, Texas, U.S. вЂ“ Ciudad 
AcuГ±a, Coahuila, MX",Del RioвЂ“Ciudad AcuГ±a International Bridge | Puente AcuГ±a | Puente Ciudad AcuГ±a-Ciudad Del RГ­o | Puente Internacional Ciudad AcuГ±a-Del RГ­o,Highway Crossing,"ORIGINALLY BUILT IN 1930, Del Rio International Bridge was reconstructed in 1967 and in 1988. The current bridge opened in 1988. The bridge is a 2,035-foot-long, four-lane bridge with two pedestrian sidewalks. The U.S. side of the bridge is owned and operated by the City of Del Rio. The Mexican side of the bridge is owned by the Government of Mexico and operated by Caminos y Puentes Federales de Ingresos y Servicios Conexos (CAPUFE).",Current bridge opened in 1988.,City of Del Rio,Owner Operated,Government of Mexico,Caminos y Puentes Federales de Ingresos y Servicios Conexos (CAPUFE),US 277BU/Spur 239,Lib. JosГ© de Las Fuentes/C. Gral. Bravo,The bridge access road is designated US 277BU/Spur 239 and connects to US 90 which is on the Texas Highway Freight Network.,The bridge access road leads to central Ciudad AcuГ±a. Several major roads provide access to MEX 29 and MEX 2.,"The Del Rio land port of entry (LPOE) is owned by the United States and is under the jurisdiction, custody, and control of the U.S. General Services Administration (GSA). The LPOE was built in 1960. It was updated and expanded in 1991, 1999, and 2009 with a new import dock and new adminis_x0002_tration and non-commercial facilities. The new Toll Plaza building was relocated and opened in October of 2017.",N/A,The number of lanes and hours of operation pertain to U.S. facilities. Toll rates are for 2-axle passenger vehicles and 5-axle commercial trucks.,"At 2,035 feet, Del Rio International Bridge is the longest bridge in the Laredo region.","Information in factsheet correct
1)  Current Bridge opened for business in 1988.  The information you have from 1967 to 1988 is correct in your attached PDF.
2)  The new Toll Plaza building was relocated and opened in October of 2017.
3)  Mill overlay project is scheduled for July of 2025 on the bridge.",0529 Ciudad AcuГ±a International Bridge вЂ“ Mexico Projects
13,LRD-EGP-EAGL,Eagle Pass International Bridge,Puente Piedras Negras I вЂ“ Eagle Pass,Laredo,Eagle Pass,"Eagle Pass, Maverick County, Texas, U.S. вЂ“ 
Piedras Negras, Coahuila, MX",Bridge I | Eagle Pass-Piedras Negras International Bridge | Eagle Pass Bridge I | Eagle Pass International Bridge I | Puente Piedras Negras-Eagle Pass | Puente Internacional Piedras Negras-Eagle Pass,Highway Crossing,"ORIGINALLY BUILT IN 1927, Eagle Pass International Bridge was reconstructed in 1954 and rehabilitated in 1985. The bridge is 1,855 feet long, and features one vehicle lane and one sidewalk in each direction. The U.S. side is owned by the City of Eagle Pass and operated by Eagle Pass Bridge System. The Mexican side is owned by the Government of Mexico and operated by Caminos y Puentes Federales de Ingresos y Servicios Conexos (CAPUFE).","Originally built in 1927, reconstructed in 1954, and rehabilitated in 1985.",City of Eagle Pass,Owner Operated,Government of Mexico,Caminos y Puentes Federales de Ingresos y Servicios Conexos (CAPUFE),US 57/W. Garrison Str.,MEX 57/C. Abasolo/C. Matamoros,The bridge access road interconnects with Garrison Street/US 57 which is on the National Highway Freight Network and provides access to US 277 (part of the Texas Highway Freight Network) and I-35 (part of the National Highway Freight Network).,The bridge access road is designated MEX 57 which connects to MEX 2.,"The Eagle Pass International Bridge land port of entry (LPOE) is owned by the United States and is under the jurisdiction, custody, and control of the U.S. General Services Administration (GSA). It was completed in 1960 and renovated in 1992.",N/A,The number of lanes and hours of operation pertain to U.S. facilities. Toll rates are for 2-axle passenger vehicles.,"The second highest 
number of northbound pedestrian crossings in the 
Laredo region were at Eagle Pass International Bridge.","
Rates and schedules are correct
Bridge I was begun 1850
Rehabilitated in 1956
And reconstructed in 1968",0506 Piedras Negras International Bridge вЂ“ Mexico Projects
14,LRD-EGP-CAMI,Camino Real International Bridge,Puente Piedras Negras II вЂ“ Eagle Pass,Laredo,Eagle Pass,"Eagle Pass, Maverick County, Texas, U.S. вЂ“ Piedras Negras, Coahuila, MX",Eagle Pass вЂ“ Piedras Negras International Bridge II | Camino Real International Bridge II | Puente Dos | Puente Internacional Camino Real | Puente Camino Real | Puente Internacional Coahuila 2000 | Puente Internacional Piedras Negras-Eagle Pass II,Highway Crossing,"CAMINO REAL INTERNATIONAL BRIDGE BEGAN OPERATIONS IN 2000. The City of Eagle Pass received the Presidential permit for this bridge in 1996. The bridge is 1,384 feet long with three vehicle lanes and one sidewalk in each direction. The U.S. side is owned by the City of Eagle Pass and operated by the Eagle Pass Bridge System. The Mexican side is owned by the Government of Mexico and operated by Operadora y AdministraciГіn TГ©cnica S.A. de C.V.  (HOATSA).",Opened in 2000.,City of Eagle Pass,Owner Operated,Government of Mexico,Operadora y AdministraciГіn TГ©cnica S.A. de C.V.  (HOATSA),S. Monroe Str.,Lib. Fausto Martinez,"The bridge is accessed by Loop 480, an Eagle Pass truck route, that connects to US 57 which is part of the Texas Highway Freight Network.","Libramiento Fausto Mar_x0002_tinez, the bridge access road, provides access to MEX 57 and MEX 2.","The Camino Real International Bridge land port of entry (LPOE) is owned by the United States and is under the jurisdiction, custody, and control of the U.S. General Services Administration (GSA). It sits on approximately 46 acres.",N/A,The number of lanes and hours of operation pertain to U.S. facilities. Toll rates are for 2-axle passenger vehicles and 5-axle commercial trucks.,Camino Real International Bridge is the most recently constructed bridge for commercial trucks in the Laredo region.,"
Rates and schedules are correct
Camino Real International Bridge Inauguration 1999
Began operations in 2000
and our Offices were built in 2024 and reopened.",0126 Piedras Negras II International Bridge вЂ“ Mexico Projects
15,LRD-EGP-UNIO,Union Pacific Eagle Pass Railroad Bridge,Puente Internacional Ferroviario Ferromex-UP,Laredo,Eagle Pass,"Eagle Pass, Maverick County, Texas, U.S. вЂ“ 
Piedras Negras, Coahuila, MX",,Railroad Crossing,UNION PACIFIC EAGLE PASS RAILROAD BRIDGE is owned and operated by Union Pacific Railroad on the U.S. side. The Mexican side is owned by the Government of Mexico and operated by Ferromex.,,Union Pacific Railroad,Owner Operated,Government of Mexico,Ferromex,N/A,N/A,,,,"IN THE U.S.: El Paso, Texas; San Antonio, Texas
IN MEXICO: TorreГіn, Coahuila; Saltillo, Coahuila; and 
Monterrey, Nuevo LeГіn",,,,
16,LRD-LRD-COLO,Colombia Solidarity Bridge,Puente Internacional Puerto Fronterizo Colombia-Laredo,Laredo,Laredo,"Laredo, Webb County, Texas, U.S. вЂ“ Colombia, 
Nuevo LeГіn, MX",Colombia Bridge | Laredo-Colombia Solidarity Bridge | Colombia-Solidarity International Bridge | Bridge III | Laredo III | Puente Nuevo Laredo III | Puente Internacional General Bernardo Reyes- Colombia Solidaridad | Puente Solidaridad | Puente Colombia | Puente Interna_x0002_cional Solidaridad Colombia,Highway Crossing,"COLOMBIA SOLIDARITY BRIDGE OPENED IN 1992. The Presidential permit for this bridge was approved in 1990. The bridge is 1,216 feet long with four travel lanes and a sidewalk in each direction. The U.S. side of the bridge is owned and operated by the City of Laredo and the Mexican side is owned by the Government of Mexico and operated by CorporaciГіn para el Desarrollo de la Zona Fronteriza de Nuevo LeГіn (CODEFRONT).",Opened in 1992.,City of Laredo,Owner Operated,Government of Mexico,CorporaciГіn para el Desarrollo de la Zona Fronteriza de Nuevo LeГіn (CODEFRONT),SH 255,NL 1,SH 255 connects to FM 1472/Mines Road and I-35. FM 1472/ Mines Road provides access to I-35 which is part of the National Highway Freight Network and I-69W/US 59 which is part of the Texas Highway Freight Network.,The bridge access road connects to MEX 2.,"The Colombia Solidarity Bridge land port of entry  (LPOE) is owned by the United States and is under the jurisdiction, custody, and control of the U.S. General Services Administration (GSA). It was constructed in 1991.",N/A,The number of lanes and hours of operation pertain to U.S. facilities. Toll rates are for 2-axle passenger vehicles and 5-axle commercial trucks.,Colombia Solidarity Bridge is the only hazardous materials crossing in Laredo.,"No comments on factsheet - Referred to website
Built in 1991
Opened in 2000 - (Kent Richard - Laredo; 08/20/2025 telephone call)
Year(s) Colombia Solidarity Bridge was modernized/renovated/expanded or rebuilt/replaced June 16, 2025 Presidential Permit Application approved for bridge expansion",0959 International Bridge Colombia вЂ“ Mexico Projects
17,LRD-LRD-WORL,World Trade Bridge (Laredo Bridge IV),"Puente Internacional del Comercio Mundial, Nuevo Laredo III",Laredo,Laredo,"Laredo, Webb County, Texas, U.S. вЂ“ Nuevo Laredo, Tamaulipas, MX","Laredo North | Bridge IV | Laredo IV | World Trade International Bridge | Puente Nuevo Laredo III | Puente Internacional Comercio Mundial, Nuevo Laredo III | Puente Internacional Nuevo Laredo III | Puente del Comercio Mundial Nuevo Laredo III | Puente del Comercio Mundial",Highway Crossing,"WORLD TRADE BRIDGE OPENED IN 2000. The Presidential permit for this bridge was approved in 1994. The bridge is 977 feet long and is only for 
commercial trucks. Four vehicle lanes cross the border in each direction. The U.S. side of the bridge is owned and operated by the City of Laredo. The Mexican side is owned by the Government of Mexico and operated by the Fideicomiso del Puente III.",Opened in 2000.,City of Laredo,Owner Operated,Government of Mexico,Fideicomiso del Puente III,I 69W/US 59,Cam. al Puente Internacional Comercio Mundial,The bridge access road feeds directly into I-69W/US 59. These highways are part of the Texas Highway Freight Network as well as I-35/US 83 which is part of the National Highway Freight Network.,The bridge access road connects to MEX 2.,"The World Trade Bridge land port of entry (LPOE) is owned by the United States and is under the jurisdiction, custody, and control of the U.S. General Services Administration (GSA). It became operational on April 15, 2000.",N/A,The number of lanes and hours of operation pertain to U.S. facilities. Toll rates are for 2-axle passenger vehicles and 5-axle commercial trucks.,"World Trade Bridge 
is the busiest 
commercial truck 
crossing on the 
U.S.-Mexico border.","No comments on factsheet - Referred to website
Built in 2000
Opened in April 2000 -  (Kent Richard - Laredo; 08/20/2025 telephone call)
Year(s) World Trade Bridge modernized/renovated/expanded or rebuilt/replaced? May 31, 2024 Presidential Permit Application approved for bridge expansion and WTB Admin Building offices renovation started on April 22, 2025.",0108 Nuevo Laredo III International Bridge вЂ“ Mexico Projects
18,LRD-LRD-CANA,Canadian Pacific Kansas City Laredo Railroad Bridge,Puente Internacional Ferroviario Nuevo Laredo - Laredo Texas,Laredo,Laredo,"Laredo, Webb County, Texas, U.S. вЂ“ Nuevo 
Laredo, Tamaulipas, MX",,Railroad Crossing,"ORIGINALLY BUILT IN 1920, this railroad port of entry is equipped with a high-energy system to conduct non-invasive inspection of railcars. 
Agencia Nacional de Aduanas de MГ©xico (ANAM) has a building on the premises allowing for joint cargo inspections with U.S. Customs and Border Protection (CBP). Both the Union Pacific and Canadian Pacific Kansas City Laredo (CPKC) Railroads, which this bridge serves, have yards with secondary inspection areas. The U.S. side of the bridge is owned and operated by CPKC. The Mexican side is owned by the Government of Mexico and operated by CPKC de MГ©xico. Construction of a second span was completed in December 2024 and opened in February 2025.",Originally built in 1920. Second span completed in 2024.,Canadian Pacific Kansas City,Owner Operated,Government of Mexico,Canadian Pacific Kansas City de MГ©xico,N/A,N/A,,,,"IN THE U.S.: Corpus Christi, Texas and San Antonio, Texas
IN MEXICO: Monterrey, Nuevo LeГіn",,,,
19,LRD-LRD-GTAB,Gateway to the Americas Bridge (Laredo Bridge I),Puente Internacional Puerta de las AmГ©ricas,Laredo,Laredo,"Laredo, Webb County, Texas, U.S. вЂ“ Nuevo 
Laredo, Tamaulipas, MX",Convent Avenue Bridge | Laredo International Bridge | Bridge #1 | Old Bridge | Lare_x0002_do-Nuevo Laredo Bridge I | Laredo Convent Avenue Port of Entry | Gateway to the Americas International Bridge | Puente Internacional Puerta de las AmГ©ricas Nuevo Laredo I | Puente Laredo I | Puente Viejo | Puente Nuevo Laredo,Highway Crossing,"GATEWAY TO THE AMERICAS BRIDGE WAS A PRIVATELY OWNED FACILITY that the City of Laredo purchased in 1946. After being destroyed by a flood in 1954, the City rebuilt it in 1956. The bridge is 1,050 feet long and accommodates two lanes of traffic and one pedestrian walkway in each direction. Northbound vehicle traffic is limited to passenger vehicles with drivers who are a member of the SENTRI trusted traveler program. The U.S. side of the bridge is owned and operated by the City of Laredo. The Mexican side of the bridge is owned by the Government of Mexico and operated by Caminos y Puentes Federales de Ingresos y Servicios Conexos (CAPUFE).","Purchased in 1946, destroyed in 1954, and reconstructed in 1956.",City of Laredo,Owner Operated,Government of Mexico,Caminos y Puentes Federales de Ingresos y Servicios Conexos (CAPUFE),Convent Ave.,MEX 85,"The bridge access road, Convent Avenue, intersects with Matamoros Street and Houston Street that connect to I-35 which is part of the National Highway Freight Network and US 83 which is part of the Texas Highway Freight Network.","The bridge access road, Avenida Vicente Guerrero, is also designated MEX 85.","The Gateway to the Americas Bridge land port of entry (LPOE) is owned by the United States and is under the jurisdiction, custody, and control of the U.S. General Services Administration (GSA). The border station was constructed in 1943. It was modernized and renovated in 1991 and 2018. The Administration Building is listed on the National Historic Registry.",N/A,The number of lanes and hours of operation pertain to U.S. facilities. Toll rates are for 2-axle passenger vehicles.,"In 2024, 69 percent of northbound pedestrian crossings in the Laredo region were at Gateway to the Americas Bridge.","No comments on factsheet - Referred to website
Built in 1954
Cannot confirm opening date -  (Kent Richard - Laredo; 08/20/2025 telephone call)
Year Bridge was modernized/renovated/expanded or rebuilt/replaced? New Office Admin Building was completed on December 2006",0523 Laredo I International Bridge вЂ“ Mexico Projects
20,LRD-LRD-JUAR,JuГЎrez-Lincoln International Bridge (Laredo Bridge II),"Puente Internacional JuГЎrez вЂ“ Lincoln, Nuevo Laredo II",Laredo,Laredo,"Laredo, Webb County, Texas, U.S. вЂ“ Nuevo 
Laredo, Tamaulipas, MX",Bridge II | Laredo вЂ“ Nuevo Laredo Bridge II | JuГЎrez-Lincoln Bridge | Laredo II | J&L | Puente Internacional JuГЎrez вЂ“ Lincoln Nuevo Laredo II | Puente 2 | Puente Nuevo | Puente JuГЎrez вЂ“ Lincoln | Puente Internacional Nuevo Laredo II (JuГЎrez) вЂ“ Lincoln,Highway Crossing,"JUГЃREZ-LINCOLN INTERNATIONAL BRIDGE (Laredo Bridge II) IS 1,008 FEET LONG. It has four southbound lanes and four northbound lanes for non-commercial traffic. The bridge opened in 1976. The U.S. side of the bridge is owned and operated by the City of Laredo. The Mexican side of the bridge is owned by the Government of Mexico and operated by Caminos y Puentes Federales de Ingresos y Servicios Conexos (CAPUFE).",Opened in 1976.,City of Laredo,Owner Operated,Government of Mexico,Caminos y Puentes Federales de Ingresos y Servicios Conexos (CAPUFE),Santa Ursula Ave./San Dario Ave.,C. Leandro Valle/Blvd. 15 de Junio,The bridge access road feeds directly into the southern terminus of I-35 which is part of the National High_x0002_way Freight Network. It also connects to Houston Street/Matamoros Street which is also designated US 83. I-35 connects with US 59 and Loop 20 which are part of the Texas Highway Freight Network. US 83 connects with Loop 20 and SH 359.,"The bridge access road connects directly to Avenida Luis Donaldo Colosio, the loop around Nuevo Laredo. This highway provides access to MEX 2, MEX 85, and TAM 1.","The JuГЎrez-Lincoln International Bridge land port of entry (LPOE) is owned by the United States and is under the jurisdiction, custody, and control of the U.S. General Services Administration (GSA). It was completed in 1982 and renovated in 2000 and 2018. In 2011, GSA completed a Customs & Border Protection (CBP)-funded project to add three additional primary inspections lanes for a total of 15 primary inspection lanes.",N/A,The number of lanes and hours of operation pertain to U.S. facilities. Toll rates are for 2-axle passenger vehicles.,JuГЎrez-Lincoln International Bridge had the most northbound passenger vehicle crossings in the Laredo region in 2024.,"No comments on factsheet - Referred to website
Built in 1976
Opened in 1976 -  (Kent Richard - Laredo; 08/20/2025 telephone call)",0520 JuГЎrez вЂ“ Lincoln International Bridge (Laredo II) вЂ“ Mexico Projects
21,RGV-ROM-LAKF,Lake Falcon Dam International Crossing,Puente Internacional Presa FalcГіn - FalcГіn Heights,Pharr,Roma,"Falcon Heights, Starr County, Texas, U.S. - 
Ciudad Guerrero, Tamaulipas, MX",Falcon Dam | Lake Falcon Dam Crossing | Puente Internacional Presa FalcГіnвЂ“FalcГіn Heights | Cruce Internacional Presa FalcГіn | Puente San Juan | Puente Internacional de la Presa | Bordo Interna_x0002_cional de la Presa,Highway Crossing,"BUILT AND OPENED IN 1960, this crossing is a two-lane road on top of Lake Falcon Dam. Presidential permits were not required for structures built before 1972. The U.S. side of the crossing is owned and operated by the U.S. section of the International Boundary and Water Commission (IBWC). The Mexican side is owned by the Mexican section of the IBWC.",Dam constructed in 1953. Border Station opened in 1960.,International Boundary and Water Commission (U.S. Section),Owner Operated,International Boundary and Water Commission (Mexican Section),Owner Operated,FM 2098,Local Road,"The bridge access road, FM 2098, connects to US 83 which is part of the Texas Highway Freight Network.",The bridge access road provides access to MEX 2.,"The land port of entry (LPOE) was constructed in 1953 by the IBWC. The building was expanded in 1977, 1989, and 2009. The border station was transferred from the IBWC to U.S. Customs and Border Protection (CBP) after construction of the dam.",N/A,The number of lanes and hours of operation pertain to U.S. facilities. Toll rates are for 2-axle passenger vehicles.,Lake Falcon Dam International Crossing is the only federally owned international bridge in the Rio Grande Valley region. The dam provides flood control and generates electricity.,,
22,RGV-ROM-ROMA,Roma-Ciudad Miguel AlemГЎn International Bridge,Puente Internacional Miguel AlemГЎn-Roma,Pharr,Roma,"Roma, Starr County, Texas, U.S. - Ciudad 
Miguel AlemГЎn, Tamaulipas, MX",Starr County International Bridge | Roma Bridge | Roma-Ciudad Miguel AlemГЎn Bridge | Puente Internacional Miguel AlemГЎn-Roma | Puente Roma-Miguel AlemГЎn | Puente Miguel AlemГЎn,Highway Crossing,"A TWO-LANE FACILITY, this bridge opened in 1978. This two-lane bridge is 810 feet long. The U.S. side of the bridge is owned and operated by Starr County. The Presidential permit for this facility was approved in 1977. The Mexican side is owned by the Government of Mexico and operated by Caminos y Puentes Federales de Ingresos y Servicios Conexos (CAPUFE). ",Opened in 1978.,Starr County,Owner Operated,Government of Mexico,Caminos y Puentes Federales de Ingresos y Servicios Conexos (CAPUFE),Bravo Blvd./Franklin Ave.,C. Hidalgo/C. Zapata and C. Manuel Cavazos Lerma,"The bridge access road, Bravo Boulevard, connects to US 83 which is part of the Texas Highway Freight Network.","The bridge access road, Manuel Cavazos Lerma, connects to MEX 2.",The Roma land port of entry (LPOE) is leased by the United States and is under the control of the U.S. General Services Administration (GSA). It is owned by Starr County and was completed in 1989. An offsite secondary commercial inspection facility was opened in 2024.,N/A,The number of lanes and hours of operation pertain to U.S. facilities. Toll rates are for 2-axle passenger vehicles and 5-axle commercial trucks.,The number one commodity that crossed Roma-Ciudad Miguel AlemГЎn International Bridge in 2024вЂ”valued at $356 millionвЂ”was edible vegetables and roots.,Opened in 1978 -  (Alicia Travis - 08/20/2025 telephone call),
23,RGV-RGC-STAR,Starr-Camargo Bridge,Puente Internacional Camargo-Rio Grande City,Pharr,Rio Grande City,"Rio Grande City, Starr County, Texas, U.S. - 
Ciudad Camargo, Tamaulipas, MX",Rio Grande CityвЂ“Camargo International Bridge | Puente Internacional Camargo-Rio Grande City | Puente CamargoвЂ“Rio Grande City | Puente Camargo | Puente Rio Grande Camargo,Highway Crossing,"OPENED IN 1966, the Starr-Camargo Bridge is a two-lane facility that is 591 feet long. Presidential permits were not required for structures built before 1972. The U.S. side is owned and operated by Starr-Camargo Bridge Company. The Mexican side is owned by the Government of Mexico and operated by Caminos y Puentes Federales de Ingresos y Servicios Conexos (CAPUFE).",Opened in 1966.,Starr Camargo Bridge Company,Owner Operated,Government of Mexico,Caminos y Puentes Federales de Ingresos y Servicios Conexos (CAPUFE),Pete Diaz Ave.,Carr. Al Puente Internacional,"The bridge access road, Pete Diaz Avenue, connects to US 83 which is part of the Texas Highway Freight Network.","The bridge access road, interconnects with TAM 63 and connects to MEX 2.",The Rio Grande City land port of entry is leased by the United States and under the control of the General Services Administration and was constructed in 1966 and upgraded in 1991. It is owned by the Starr-Camargo Bridge Company.,N/A,The number of lanes and hours of operation pertain to U.S. facilities. Toll rates are for 2-axle passenger vehicles and 5-axle commercial trucks.,"The number one commodity, by value, that crossed Starr_x0002_Camargo Bridge in 2024 was mineral fuels, oils, and waxes.","
No comments on factsheet
Bridge began operations in 1966.
Year(s) Starr-Camargo Bridge was modernized/renovated/expanded or rebuilt/replaced - First expansion was in 1966 when we built the first building because before that it was just a small wooden building. Attached is the picture of the first building I donвЂ™t have one of the wooden building.  The current facilities were completed in 2000.",0501 Camargo International Bridge вЂ“ Mexico Projects
24,RGV-RGC-LOSE,Los Ebanos Ferry,"Cruce Internacional, вЂњEl ChalanвЂќ DГ­az OrdГЎz-Los Ebanos",Pharr,Rio Grande City,"Los Ebanos, Hidalgo County, Texas, U.S. вЂ“ 
Gustavo DГ­az Ordaz, Tamaulipas, MX","Los Ebanos вЂ“ San Miguel Camargo | Ferry Gustavo DГ­az OrdГЎz | Ferry DГ­az OrdГЎzвЂ“Los Ebanos | Puente Internacional, вЂњEl ChalanвЂќ Diaz OrdГЎz Los Ebanos | El Chalan de Los Ebanos",Highway Crossing,"ALTHOUGH A FERRY HAS OPERATED AT THIS CROSSING 
SINCE THE 1950s, the current ferry has been operating since 1979. The U.S. side of the ferry is owned and operated by the Reyna family. The Mexican side is owned and operated by Armando de la Garza. ",Current ferry operates since 1979.,Reyna family,Owner Operated,Armando de la Garza,Owner Operated,Flores Str.,Cruce Gustavo DГ­az Ordaz,"The ferry crossing access road, Flores Street, leads into the town of Los Ebanos which is located south of US 83, which is part of the Texas Highway Freight Network.","The ferry crossing access road, Adolfo LГіpez Mateos, leads into the town of Gustavo DГ­az OrdГЎz, which is located north of MEX 2.",The land port of entry (LPOE) was completed in April 1992 and is owned by Customs and Border Protection (CBP). The land is owned by the ferry owner. This is one of three Texas border inspection facilities owned by CBP.,N/A,The number of lanes and hours of operation pertain to U.S. facilities. Toll rates are for 2-axle passenger vehicles.,Los Ebanos Ferry is the only hand-drawn ferry on the US-Mexico border.,,
25,RGV-HID-ANZA,Anzalduas International Bridge,Puente Internacional AnzaldГєas Reynosa-Mission,Pharr,Hidalgo,"Mission, Hidalgo County, Texas, U.S. вЂ“ Reynosa, Tamaulipas, MX",Sharyland Bridge | Puente Internacional AnzaldГєas Reynosa-Mission | Puente Internacional Reynosa-Mission | Puente AnazaldГєas | Puente Internacional AnazaldГєas,Highway Crossing,"ANZALDUAS INTERNATIONAL BRIDGE BEGAN OPERATIONS
IN 2009. It is a four-lane vehicular undivided bridge (two southbound lanes and two northbound lanes), which spans 3.3 miles. The Presidential permit for this facility was issued in 1999. The U.S. side is owned by the cities of Hidalgo, McAllen, Mission, and Granjeno and operated by the City of McAllen. The Mexican side is owned by the Government of Mexico and operated by Grupo Marhnos.",Opened in 2009.,"Cities of McAllen, Mission, Hidalgo, and Granjeno",City of McAllen,Government of Mexico,Grupo Marhnos,FM 396/Anzalduas Highway,MEX 40,"The bridge access road, FM 396/Anzalduas Highway, connects to FM 1016/East Military Road and I-2. Farther to the east, I-2 is a designated portion of the National Highway Freight Network.",The bridge access road connects to MEX 40 which provides access to MEX 2.,The Anzalduas land port of entry (LPOE) opened in 2009.,N/A,The number of lanes and hours of operation pertain to U.S. facilities. Toll rates are for 2-axle passenger vehicles and 5-axle commercial trucks.,"At 3.3 miles, Anzalduas International Bridge is the longest bridge on the Texas-Mexico border.",Information is correct as in factsheet,"0124 Reynosa-McAllen International Bridge ""AnzaldГєas"" вЂ“ Proyectos MГ©xico"
26,RGV-HID-MCAL,McAllen/Hidalgo International Bridge,Puente Internacional Reynosa - Hidalgo,Pharr,Hidalgo,"Hidalgo, Hidalgo County, Texas, U.S. вЂ“ Reynosa, Tamaulipas, MX",Hidalgo Bridge | McAllen-Hidalgo Bridge | McAllen-Hidalgo-Reynosa International Bridge | Puente Internacional ReynosaвЂ“Hidalgo | Puente Reynosa_x0002_Hidalgo I y II | Puente Reynosa | Puente Reynosa-McAllen I,Highway Crossing,"CONSISTING OF TWO STRUCTURES, the McAllen/Hidalgo International Bridge includes an older four-lane bridge, which is 524 feet long and was built in 1965. This bridge serves only southbound traffic. The newer four-lane bridge, which is 852 feet long and was built in 1987, serves only northbound traffic. This crossing also accommodates pedestrians. The Presidential permit for the second structure was issued in 1985. The U.S. side of the bridge is owned and operated by the City of McAllen. The Mexican side of the bridge is owned by the Government of Mexico and operated by Caminos y Puentes Federales de Ingresos y Servicios Conexos (CAPUFE).",Current bridge comprise older structure built in 1965 and newer structure built in 1987.,City of McAllen,Owner Operated,Government of Mexico,Caminos y Puentes Federales de Ingresos y Servicios Conexos (CAPUFE),South International  Blvd.,Lib. Luis EcheverrГ­a Alvarez,"The bridge access road, South International Boulevard, connects to US 281 and I-2.","The bridge access road, Luis EcheverrГ­a, connects with MEX 97 and connects to MEX 2 and MEX 40.","The Hidalgo land port of entry (LPOE) is leased by the United States and under the control of the U.S. General Services Administration (GSA). It was completed in 1982, and is owned by the City of McAllen.",N/A,The number of lanes and hours of operation pertain to U.S. facilities. Toll rates are for 2-axle passenger vehicles.,"McAllen/Hidalgo International Bridge is the number one bridge in the Rio Grande Valley region in 2024 for northbound pedestrian, passenger vehicle, and bus crossings.",Information is correct as in factsheet,
27,RGV-HID-PHAR,Pharr International Bridge,Puente Internacional Nuevo Amanecer Reynosa-Pharr,Pharr,Hidalgo,"Pharr, Hidalgo County, Texas, U.S. вЂ“ Reynosa, Tamaulipas, MX",Pharr-Reynosa International Bridge on the Rise | Pharr-Reynosa International Bridge | Puente Internacional Nuevo Amanecer Reynosa-Pharr | Puente Internacional Reynosa-Pharr | Nuevo Amanecer | Puente Internacional Nuevo Amanecer,Highway Crossing,"OPENED IN 1994, this crossing consists of one four-lane bridge (three northbound lanes and one southbound lane) that is 16,896 feet long. A Presidential permit for initial construction was issued in 1978. In 2020, a Presidential permit was issued to build a second span. The U.S. side of the bridge is owned and operated by the City of Pharr. The Mexican side is owned by the Government of Mexico and operated by Compaснa Contratista Nacional (CONOCAL).",Opened in 1994.,City of Pharr,Owner Operated,Government of Mexico,Caminos y Puentes Federales de Ingresos y Servicios Conexos (CAPUFE),South Cage Blvd.,Av. Puente Pharr,"The bridge access road, South Cage Boulevard, connects to US 281 which is part of the Texas Highway Freight Network, and I-2 and I-69C; both of which are part of the National Highway Freight Network.","The bridge access road, 
Avenida Puente Pharr, connects to MEX 2 
and MEX 2D.","The Kika de la Garza (Pharr) land port of 
entry (LPOE) is owned by the United States and is under the jurisdiction, custody, and control of the U.S. General Services Administration (GSA). It opened to traffic in April 1996.",N/A,The number of lanes and hours of operation pertain to U.S. facilities. Toll rates are for 2-axle passenger vehicles and 5-axle commercial trucks.,"Pharr International 
Bridge is the number 
one border crossing in 
the U.S. for produce.","Year did operations start (i.e., year the bridge was opened for traffic) - 1994
Year(s) bridge was modernized/renovated/expanded or rebuilt/replaced - 
2020 Bridge Headquarters Project (Office Expansion) 
2015-2024 DAP15 Project
2024-2026 DAP16 Project
2024-2025 Bridge Expansion Project (aka Second Span, Twin Span, Twin Bridge)

Comments on factsheet:
- Change bridge length fo 16,896 feet
- Change number of commercial truck lanes to 
- Change Commercial Truck weekend hours to Saturday  7:45am-3:55pm and Sunday 8:45am-2:55pm",0527 Reynosa International Bridge вЂ“ Mexico Projects
28,RGV-PRG-DONN,Donna-Rio Bravo International Bridge,Puente Internacional RГ­o Bravo-Donna,Pharr,Progreso,"Donna, Hidalgo County, Texas, U.S. вЂ“ RГ­o Bravo, Tamaulipas, MX",Donna/RГ­o Bravo International Bridge | Alliance International Bridge | Donna International Bridge | Puente Internacional RГ­o Bravo-Donna | Puente RevoluciГіn Internacional | Puente RГ­o Bravo вЂ“ Donna,Highway Crossing,"AN EIGHT-LANE PASSENGER VEHICLE BRIDGE, Donna-Rio Bravo International Bridge is approximately 1,000 feet long and 108 feet wide. It has four southbound and four northbound lanes. It was built in 2010 after receiving a Presidential permit in 1979. The U.S. side of the bridge 
is owned and operated by the City of Donna. The Mexican side is owned by the Government of Mexico and operated by CompaГ±ia Operadora de 
Puente y Autopistas S.A. De C.V. (COPA).",Opened in 2010.,City of Donna,Owner Operated,Government of Mexico,Compania Operadora de Puentes y Autopistas S.A. De C.V. (COPA),FM 493/International Blvd.,Local Road,"The bridge access road, FM 493, connects to US 281 which is on the Texas Highway Freight Network and I-2 which is part of the National Highway Freight Network.","The bridge access road connects to MEX 2D which provides access to MEX 2, MEX 40, MEX 97, and TAM 12.","The land port of entry (LPOE) is owned by the United States and under the jurisdiction, custody, and control of the U.S. General Services Administration (GSA). The LPOE opened in December 2010.",N/A,The number of lanes and hours of operation pertain to U.S. facilities. Toll rates are for 2-axle passenger vehicles and 5-axle commercial trucks.,"Opening in 2010, Donna-Rio Bravo International Bridge is the newest vehicle bridge in the Rio Grande Valley.",,0107 Rio Bravo-Donna International Bridge вЂ“ Mexico Projects
29,RGV-PRG-PROG,Progreso International Bridge,Puente Internacional Las Flores Nuevo Progreso - Progreso,Pharr,Progreso,"Progreso, Hidalgo County, Texas, U.S. вЂ“ Nuevo Progreso, Tamaulipas, MX",B & P Bridge | Weslaco-Progreso International Bridge | Progreso-Nuevo Progreso International Bridge | Puente Las Flores | Puente Internacional Nuevo ProgresoвЂ“Progreso,Highway Crossing,"OPENED IN 1952, Progreso International Bridge was rebuilt in 2003. It is a 628-foot long, four-lane automobile bridge with two lanes in each direction, plus pedestrian sidewalks. A separate two-lane truck bridge was built and opened to traffic in 2005. The U.S. side of the bridge is owned and operated by Progreso Bridge Company. The Mexican side is owned by the Government of Mexico and operated by Caminos y Puentes Federales de Ingresos y Servicios Conexos (CAPUFE).",Originally opened in 1952. Demolished and rebuilt in 2003. Separate two-lane truck bridge opened  in 2005.,Progreso Bridge Company,Owner Operated,Government of Mexico,Caminos y Puentes Federales de Ingresos y Servicios Conexos (CAPUFE),FM 1015/South International Blvd.,Av. Benito JuГЎrez and C. Coahuila,"The bridge access road, South International Boulevard, connects to US 281 which is on the Texas Highway Freight Network and I-2/US 83 which is on the National Highway Freight Network.","The bridge access road, Avenida Benito JuГЎrez, connects to MEX 2D which provides access to MEX 2, MEX 97, and TAM 53.","The Progreso land port of entry (LPOE) is leased by the United States and under the control of the U.S. General Services Administration (GSA). GSA leases the LPOE facilities from the owner, Sam R. Sparks LP. The original border station facility was built in 1952 and renovated in 1983.",N/A,The number of lanes and hours of operation pertain to U.S. facilities. Toll rates are for 2-axle passenger vehicles and 5-axle commercial trucks.,Progreso International Bridge is privately owned.,"All the info is still correct
Year operations start (i.e., year the bridge was opened for traffic) - 1952
Year operations start (i.e., year the separate two-lane truck bridge was opened for traffic) - 2005
Year(s)  current Progreso International Bridge modernized/renovated/expanded or rebuilt/replaced - 2003
Year(s) was the Progreso International Bridge (separate two-lane truck bridge) modernized/renovated/expanded or rebuilt/replaced - June 2025 went from 1 lane to 3 Commercial Inspection Lanes",0524 Las Flores International Bridge вЂ“ Mexico Projects
30,RGV-BRW-FREE,Free Trade International Bridge (Los Indios),Puente Internacional Lucio Blanco-Los Indios (Libre Comercio),Pharr,Brownsville,"Los Indios, Cameron County, Texas, U.S. вЂ“ Lucio Blanco, Tamaulipas, MX",Los Indios вЂ“ Lucio Blanco Bridge | Los Indios Free Trade Bridge | Free Trade Bridge | Puente Internacional Lucio Blanco-Los Indios | Puente Libre Comercio | Puente Lucio Blanco вЂ“ Los Indios | Puente Internacional Libre Comercio,Highway Crossing,"IN OPERATION SINCE 1992, this crossing has four lanes вЂ“ two in each direction вЂ“ and is 503 feet in length. The U.S. side is owned by Cameron County and revenue is shared with the cities of San Benito and Harlingen. It is operated by Cameron County International Bridge System. The Mexican side is owned by the Government of Mexico and operated by Compania Operadora de Puentes y Autopistas S.A. De C.V. (COPA).",Opened in 1992.,Cameron County (Bridge revenue is shared with cities of Harlingen and San Benito),Cameron County International Bridge System,Government of Mexico,Compania Operadora de Puentes y Autopistas S.A. De C.V. (COPA),FM 509/Cantu Rd./Avilia Rd.,Local Road,"The bridge access road, FM 509/Cantu Road, connects to US 281/Military Highway, which is on the Texas Highway Freight Network and I-69E, which is part of the National Highway Freight Network.",The bridge access road connects to MEX 2 and TAM 53.,"The Los Indios land port of entry (LPOE)  is owned by the United States and under the jurisdiction, custody, and control of the U.S. General Services Administration (GSA). It was completed in 1992.",N/A,The number of lanes and hours of operation pertain to U.S. facilities. Toll rates are for 2-axle passenger vehicles and 5-axle commercial trucks.,Free Trade International Bridge (Los Indios) was the last border crossing built before NAFTA was adopted.,"No comments on factsheet.
Year operations start (bridge opened to traffic) -  November 1992
Free Trade International Bridge modernized/renovated/expanded - Northbound Commercial Lane extension in 2019",0103 Lucio Blanco-Los Indios International Bridge вЂ“ Mexico Projects
31,RGV-BRW-WEST,West Rail Bridge,Puente Internacional Ferroviario Matamoros-Brownsville,Pharr,Brownsville,"Brownsville, Cameron County, Texas, U.S. вЂ“ 
Matamoros, Tamaulipas, MX",Brownsville West Rail Bridge | Libramiento Ferroviario,Railroad Crossing,WEST RAIL BRIDGE BEGAN OPERATIONS IN 2015. It replaced the B&M Rail Bridge in Central Brownsville. The U.S. side of the bridge is owned by Union Pacific Railroad. The Mexican side of the bridge is owned by the Government of Mexico. This bridge handles both Union Pacific and BNSF railcars. Brownsville & Rio Grande International Railway provides transfer service to and from the bridge for Union Pacific and BNSF railcars. CPKC de MГ©xico operates the Mexican side of the bridge and handles its railcars.,,"Union Pacific Railroad
",Owner Operated,Government of Mexico,Canadian Pacific Kansas City de MГ©xico,N/A,N/A,,,,"IN THE U.S.: Houston, Texas and San Antonio, Texas
IN MEXICO: Monterrey, Nuevo LeГіn.",,,,
32,RGV-BRW-BROW,Brownsville & Matamoros Express Bridge,Puente Internacional Matamoros - Brownsville Vehicular B&M (Puente Viejo),Pharr,Brownsville,"Brownsville, Cameron County, Texas, U.S. вЂ“ 
Matamoros, Tamaulipas, MX",Brownsville & Matamoros Bridge | B&M Bridge | Express Bridge | Old Bridge | Puente Internacional MatamorosвЂ“Brownsville VehГ­cular B&M | Puente Viejo | Puente Internacional Viejo | B y M (Cruce de ferrocarril y vehГ­culos) | Puente Internacional Vehicular,Highway Crossing,"ORIGINALLY OPENED in 1910, Brownsville & Matamoros Express Bridge was reconstructed in 1953 and a new adjacent concrete bridge was constructed specifically for passenger vehicles in 1997. The current bridge has four lanes, two in each direction. The U.S. and Mexican sides of the bridge are owned and operated by the Brownsville & Matamoros Bridge Company, a subsidiary of the Union Pacific Railroad and the Government of Mexico.","Opened in 1910, reconstructed in 1953, and a new adjacent bridge was constructed for passenger vehicles in 1997.",Brownsville & Matamoros Bridge Company,Owner Operated,Brownsville & Matamoros Bridge Company,Owner Operated,Mexico Blvd.,Av. Las Americas/Av. ГЃlvaro ObregГіn,"The bridge access road, Mexico Boulevard, connects to Sam Perl Boulevard/East 12th Street/East 13th Street which connects to I- 69E which is on the National Highway Freight Network.","The bridge access road, Las Americas Avenue, connects to Calle Cinco/Calle Sexta which provides access to MEX 2 and MEX 101.","The Brownsville and Matamoros land port of entry (LPOE) is owned by the United States and under the jurisdiction, custody, and control of the U.S. General Services Administration (GSA). It was completed in 1992",N/A,The number of lanes and hours of operation pertain to U.S. facilities. Toll rates are for 2-axle passenger vehicles.,Brownsville & Matamoros Express Bridge is the only bridge on the Texas-Mexico border where both sides are owned and operated by the same entity.,"No comment on factsheet
1910: Operations began at the Brownsville and Matamoros Bridge Company.
1997: A new adjacent concrete bridge was constructed specifically for automobile traffic. The original bridge remained in use, but exclusively for rail traffic at that time.",
33,RGV-BRW-GATE,Gateway International Bridge,"Puente Internacional Puerta MГ©xico, Matamoros-Brownsville, (Puente Nuevo)",Pharr,Brownsville,"Brownsville, Cameron County, Texas, U.S. вЂ“ 
Matamoros, Tamaulipas, MX",New Bridge | Puente Internacional Puerta MГ©xico | Puente Matamoros-Brownsville | Puente Nuevo | El Puente | Puente Internacional Matamoros-_x0002_Brownsville | Puente Internacional Nuevo | Puerta MГ©xico | Puente Internacional Puerta,Highway Crossing,ONE SPAN OF THE BRIDGE opened to traffic in 1969 and the other span opened to traffic in 1970. Each span of Gateway International Bridge accommodates two lanes. Presidential permits were not required for bridges built before 1972. The U.S. side of the bridge is owned by Cameron County and operated by Cameron County International Bridge System. The Mexican side is owned by the Government of Mexico and operated by Caminos y Puentes Federales de Ingresos y Servicios Conexos (CAPUFE).,First span of current bridge opened to traffic in 1969 and second span opened to traffic in 1970.,Cameron County,Cameron County International Bridge System,Government of Mexico,Caminos y Puentes Federales de Ingresos y Servicios Conexos (CAPUFE),International Blvd.,Av. ГЃlvaro ObregГіn,"The bridge access road, International Boulevard/SH 4, provides access to I-69E which is part of the National Highway Freight Network","The bridge access road, Avenida ГЃlvaro ObregГіn, connects to Calle Cinco/Calle Sexta which provides access to MEX 2 and MEX 101.","The Gateway International Bridge land port of entry (LPOE) is owned by the United States and under the jurisdiction, custody, and control of the U.S General Services Administration (GSA). It was constructed in 1926, renovated in 1990, and renovated and expanded in 1994. The LPOE is slated for modernization by 2028.",N/A,The number of lanes and hours of operation pertain to U.S. facilities. Toll rates are for 2-axle passenger vehicles.,Gateway International Bridge had the second highest number of northbound pedestrians crossing in the Rio Grande Valley during 2024.,"No comment on factsheet.
Gateway International Bridge (first span) opened to traffic - 1969
Gateway International Bridge (second span) opened to traffic - 1970
Gateway International Bridge (first span) modernized/renovated/expanded - Pedestrian walkway renovated to include canopy in 2013
Gateway International Bridge (second span) modernized/renovated/expanded - Pedestrian walkway renovated to include canopy in 2013",0528 Matamoros International Bridge вЂ“ Mexico Projects
34,RGV-BRW-VETE,Veterans International Bridge at Los Tomates,"Puente Internacional General Ignacio Zaragoza, Los Tomates, Matamoros-Brownsville",Pharr,Brownsville,"Brownsville, Cameron County, Texas, U.S. вЂ“ 
Matamoros, Taumaulipas, MX",Los Tomates Bridge | Brownsville Expressway Bridge | Expressway 77 Bridge | Veterans International Bridge | Puente Internacional General Ignacio Zaragoza | Puente Matamoros-Brownsville | Puente Los Tomates | Puente Internacional Matamoros III-Internacional Veteranos,Highway Crossing,"AT 4,024 FEET LONG, Veterans International Bridge at Los Tomates consists of two spans each with four-lanes. The Presidential permit for the southbound span was issued in 1993. The first span opened to traffic in 1999. The second span opened to traffic in 2013. The U.S. side of the bridge is owned by Cameron County and operated by Cameron County International Bridge System.  The Mexico side is owned by the Government of Mexico and operated by CompaГ±Г­a Contratista Nacional (CONOCAL).",First span opened in 1999 and second span opened in 2013.,Cameron County,Cameron County International Bridge System,Government of Mexico,CompaГ±Г­a Contratista Nacional (CONOCAL),US 83,Cinco de Mayo,The bridge access road is designated US 83 and connects with I-69E which is part of the National Highway Freight Network.,"The bridge access road, Cinco de Mayo, connects with Avenida AcciГіn CГ­vica which connects to MEX 2.","The Los Tomates land port of entry (LPOE) is owned by the United States and is under the jurisdiction, custody, and control of the U.S. General Services Administration (GSA). It became operational on April 30, 1999.",N/A,The number of lanes and hours of operation pertain to U.S. facilities. Toll rates are for 2-axle passenger vehicles and 5-axle commercial trucks.,Veterans International Bridge at Los Tomates is part of the Port of Brownsville Overweight Corridor.,"Comments on factsheet:
U.S. side is owned solely by Cameron County (The City of Brownsville has no ownership).  
Mexican side is currently operated by CONOCAL.
Under the  Inspection Lane section, please update the passenger vehicle lanes to 8 instead of 4.
Veterans International Bridge at Los Tomates (first span) opened to traffic - April 1999
Veterans International Bridge at Los Tomates (second span) opened to traffic - February 2013 (US side)  April 2014 (MX side)
Veterans International Bridge at Los Tomates (first span) modernized/renovated/expanded - remained in its present condition since 2014.
Veterans International Bridge at Los Tomates (second span) modernized/renovated/expanded - remained in its present condition since 2014.","0353 Matamoros III International Bridge ""Los Tomates"" вЂ“ Proyectos MГ©xico"
